"","df.Time_day","df.std.esn"
"1","01:10:48",83.876354457615
"2","01:20:48",84.830425684192
"3","02:20:48",84.9036617969182
"4","02:30:48",86.3006085259537
"5","02:40:48",86.345148853001
